Instance,Run,Hypervolume,ExecutionTime,InitializationTime,PopulationSize,Generations,ActualEvaluations
Instance4.dat,1,,226,22.426713,100,100000,10000000
Instance4.dat,2,,240,22.431238,100,100000,10000000
Instance4.dat,3,,237,22.477987,100,100000,10000000
Instance4.dat,4,0,205,22.533491,100,100000,10000000
Instance4.dat,5,,321,22.522344,100,100000,10000000
Instance4.dat,6,0,287,22.588574,100,100000,10000000
Instance4.dat,7,0,280,22.563049,100,100000,10000000
Instance4.dat,8,0,279,22.534633,100,100000,10000000
Instance4.dat,9,0,275,22.533574,100,100000,10000000
Instance4.dat,10,,314,22.572573,100,100000,10000000
Instance4.dat,11,,289,22.540785,100,100000,10000000
Instance4.dat,12,0,277,22.577000,100,100000,10000000
Instance4.dat,13,0,263,22.582401,100,100000,10000000
Instance4.dat,14,0,269,22.573433,100,100000,10000000
Instance4.dat,15,0,252,22.568077,100,100000,10000000
Instance4.dat,16,0,272,22.541080,100,100000,10000000
Instance4.dat,17,0,259,22.578517,100,100000,10000000
Instance4.dat,18,,298,22.555860,100,100000,10000000
Instance4.dat,19,,298,22.532435,100,100000,10000000
Instance4.dat,20,0,258,22.497400,100,100000,10000000
