Instance,Run,Hypervolume,ExecutionTime,InitializationTime,PopulationSize,Generations,ActualEvaluations
Instance8.dat,1,0,1606,649.791263,100,100000,10000000
Instance8.dat,2,0,1765,652.491798,100,100000,10000000
Instance8.dat,3,0,1659,650.977322,100,100000,10000000
Instance8.dat,4,0,1631,651.282546,100,100000,10000000
Instance8.dat,5,0,1366,649.324095,100,100000,10000000
Instance8.dat,6,0,1183,646.773894,100,100000,10000000
Instance8.dat,7,0,1161,646.756907,100,100000,10000000
Instance8.dat,8,0,1130,646.893065,100,100000,10000000
Instance8.dat,9,0,1022,642.874185,100,100000,10000000
Instance8.dat,10,0,1024,642.829335,100,100000,10000000
Instance8.dat,11,0,1020,644.284561,100,100000,10000000
Instance8.dat,12,0,1026,642.651356,100,100000,10000000
Instance8.dat,13,0,1018,643.201968,100,100000,10000000
Instance8.dat,14,0,1020,643.236208,100,100000,10000000
Instance8.dat,15,0,1019,644.859216,100,100000,10000000
Instance8.dat,16,0,1026,645.539159,100,100000,10000000
Instance8.dat,17,0,1026,646.715191,100,100000,10000000
Instance8.dat,18,0,1025,643.994342,100,100000,10000000
Instance8.dat,19,0,1024,643.695386,100,100000,10000000
Instance8.dat,20,0,1023,643.037450,100,100000,10000000
