Instance,Run,Hypervolume,ExecutionTime,InitializationTime,PopulationSize,Generations,ActualEvaluations
Instance1.dat,1,,80,0.175162,20,500000,10000000
Instance1.dat,2,,79,0.176563,20,500000,10000000
Instance1.dat,3,,81,0.175591,20,500000,10000000
Instance1.dat,4,,70,0.175339,20,500000,10000000
Instance1.dat,5,,76,0.177435,20,500000,10000000
Instance1.dat,6,,71,0.174232,20,500000,10000000
Instance1.dat,7,,70,0.175673,20,500000,10000000
Instance1.dat,8,,73,0.175478,20,500000,10000000
Instance1.dat,9,,71,0.174113,20,500000,10000000
Instance1.dat,10,,75,0.175454,20,500000,10000000
Instance1.dat,11,,82,0.176077,20,500000,10000000
Instance1.dat,12,,81,0.175935,20,500000,10000000
Instance1.dat,13,,96,0.173240,20,500000,10000000
Instance1.dat,14,,99,0.175900,20,500000,10000000
Instance1.dat,15,,103,0.176786,20,500000,10000000
Instance1.dat,16,,97,0.175233,20,500000,10000000
Instance1.dat,17,,93,0.176394,20,500000,10000000
Instance1.dat,18,,102,0.174454,20,500000,10000000
Instance1.dat,19,,98,0.175056,20,500000,10000000
Instance1.dat,20,,97,0.173737,20,500000,10000000
