Instance,Run,Hypervolume,ExecutionTime,InitializationTime,PopulationSize,Generations,ActualEvaluations
Instance3.dat,1,,219,10.639882,100,100000,10000000
Instance3.dat,2,,212,10.491680,100,100000,10000000
Instance3.dat,3,,219,10.444998,100,100000,10000000
Instance3.dat,4,,231,10.446433,100,100000,10000000
Instance3.dat,5,,263,10.450625,100,100000,10000000
Instance3.dat,6,,300,10.482796,100,100000,10000000
Instance3.dat,7,,306,10.485755,100,100000,10000000
Instance3.dat,8,,291,10.505767,100,100000,10000000
Instance3.dat,9,,270,10.497118,100,100000,10000000
Instance3.dat,10,,304,10.506593,100,100000,10000000
Instance3.dat,11,,292,10.490989,100,100000,10000000
Instance3.dat,12,,300,10.494021,100,100000,10000000
Instance3.dat,13,,282,10.494455,100,100000,10000000
Instance3.dat,14,,272,10.494329,100,100000,10000000
Instance3.dat,15,0,243,10.488051,100,100000,10000000
Instance3.dat,16,0,234,10.512608,100,100000,10000000
Instance3.dat,17,,289,10.476647,100,100000,10000000
Instance3.dat,18,,265,10.479972,100,100000,10000000
Instance3.dat,19,,268,10.502973,100,100000,10000000
Instance3.dat,20,,279,10.532069,100,100000,10000000
