Instance,Run,Hypervolume,ExecutionTime,InitializationTime,PopulationSize,Generations,ActualEvaluations
Instance2.dat,1,,152,1.623656,100,100000,10000000
Instance2.dat,2,,157,1.629725,100,100000,10000000
Instance2.dat,3,,150,1.628579,100,100000,10000000
Instance2.dat,4,,162,1.628082,100,100000,10000000
Instance2.dat,5,,154,1.627848,100,100000,10000000
Instance2.dat,6,,138,1.628731,100,100000,10000000
Instance2.dat,7,,203,1.628271,100,100000,10000000
Instance2.dat,8,,197,1.634442,100,100000,10000000
Instance2.dat,9,,201,1.632012,100,100000,10000000
Instance2.dat,10,,192,1.636817,100,100000,10000000
Instance2.dat,11,,193,1.633753,100,100000,10000000
Instance2.dat,12,,194,1.636040,100,100000,10000000
Instance2.dat,13,,186,1.628857,100,100000,10000000
Instance2.dat,14,,190,1.630357,100,100000,10000000
Instance2.dat,15,,196,1.648795,100,100000,10000000
Instance2.dat,16,,193,1.646756,100,100000,10000000
Instance2.dat,17,,183,1.650974,100,100000,10000000
Instance2.dat,18,,188,1.635799,100,100000,10000000
Instance2.dat,19,,192,1.626677,100,100000,10000000
Instance2.dat,20,,184,1.632767,100,100000,10000000
