Instance,Run,Hypervolume,ExecutionTime,InitializationTime,PopulationSize,Generations,ActualEvaluations
Instance7.dat,1,0,328,4.679299,100,100000,10000000
Instance7.dat,2,0,324,4.685666,100,100000,10000000
Instance7.dat,3,0,344,4.669621,100,100000,10000000
Instance7.dat,4,0,424,4.707546,100,100000,10000000
Instance7.dat,5,0,444,4.708186,100,100000,10000000
Instance7.dat,6,0,448,4.692249,100,100000,10000000
Instance7.dat,7,0,443,4.712327,100,100000,10000000
Instance7.dat,8,0,444,4.702719,100,100000,10000000
Instance7.dat,9,0,422,4.686547,100,100000,10000000
Instance7.dat,10,0,390,4.692957,100,100000,10000000
Instance7.dat,11,0,404,4.696284,100,100000,10000000
Instance7.dat,12,0,419,4.705306,100,100000,10000000
Instance7.dat,13,0,420,4.709910,100,100000,10000000
Instance7.dat,14,0,382,4.708434,100,100000,10000000
Instance7.dat,15,0,392,4.685748,100,100000,10000000
Instance7.dat,16,0,371,4.690011,100,100000,10000000
Instance7.dat,17,0,392,4.697417,100,100000,10000000
Instance7.dat,18,0,333,4.698144,100,100000,10000000
Instance7.dat,19,0,339,4.683873,100,100000,10000000
Instance7.dat,20,,371,4.687791,100,100000,10000000
